<application>
  <component name="CodeLensSettings" enabled="false">
    <limits>
      <map>
        <entry key="Right" value="1" />
      </map>
    </limits>
    <enabled>
      <map>
        <entry key="Derived symbols" value="false" />
        <entry key="Exposing API" value="false" />
        <entry key="Extension methods" value="false" />
        <entry key="Usages" value="false" />
        <entry key="VcsAuthorCodeLensProvider" value="false" />
      </map>
    </enabled>
    <showUnavailable>false</showUnavailable>
  </component>
</application>