<application>
  <component name="FindSettings">
    <option name="customScope" value="Solution" />
    <option name="defaultScopeName" value="Solution" />
    <option name="SEARCH_SCOPE" value="Solution" />
    <mask>*.properties</mask>
    <mask>*.html</mask>
    <mask>*.jsp</mask>
    <mask>*.xml</mask>
    <mask>*.java</mask>
    <mask>*.as</mask>
    <mask>*.css</mask>
    <mask>*.mxml</mask>
    <mask>*.aspx.cs</mask>
    <mask>*.*</mask>
    <mask>*.js</mask>
    <mask>*.cs</mask>
  </component>
</application>